{
  "entities": {
    "Patient": {
      "title": "Patient",
      "description": "Represents a patient in the radiology queue.",
      "type": "object",
      "properties": {
        "id": {
          "type": "string",
          "description": "The unique identifier for the patient."
        },
        "name": {
          "type": "string",
          "description": "The name of the patient."
        },
        "examination": {
          "type": "string",
          "description": "The type of examination the patient is waiting for."
        },
        "status": {
          "type": "string",
          "description": "The current status of the patient in the queue.",
          "enum": ["waiting", "completed"]
        },
        "order": {
            "type": "number",
            "description": "The order of the patient in the waiting queue."
        },
        "createdAt": {
            "type": "string",
            "format": "date-time",
            "description": "The timestamp when the patient was added or completed."
        }
      },
      "required": ["name", "examination", "status", "order", "createdAt"]
    }
  },
  "auth": {
    "providers": []
  },
  "firestore": {
    "collectionGroup": {
      "patients": {
        "indexes": [
          {
            "queryScope": "COLLECTION",
            "fields": [
              { "fieldPath": "status", "order": "DESCENDING" },
              { "fieldPath": "order", "order": "ASCENDING" },
              { "fieldPath": "createdAt", "order": "DESCENDING" }
            ]
          }
        ]
      }
    },
    "/patients/{patientId}": {
      "schema": {
        "$ref": "#/entities/Patient"
      },
      "description": "Stores the list of patients in the queue."
    }
  }
}
